Class,Precision,Recall,F1 Score,Support
no-damage,0.8297872340425532,0.639344262295082,0.7222222222222222,61
minor-damage,0.05,0.3333333333333333,0.08695652173913043,3
major-damage,0.5,0.12,0.1935483870967742,25
destroyed,0.10526315789473684,0.6666666666666666,0.18181818181818182,3
